runner	exit	seconds	stdout_files	last_line
run_array_owned.ps1	0	3	20	Evidence: C:\Nyasha_Planet\wt0c_rh\build\codex\array_owned\20260914_200152_246_3dd88cc7
run_array_ref_owned.ps1	0	3	17	Evidence: C:\Nyasha_Planet\wt0c_rh\build\codex\array_ref_owned\20260914_200155_691_9e57684e
run_candidate_c_scanners.ps1	0	26	0	Candidate scanner evidence: C:\Nyasha_Planet\wt0c_rh\build\codex\candidate_c_scanners\20260914_200158_365 result=PASS
run_candidate_indent.ps1	-1	1209	0	
run_chars_owned.ps1	0	3	17	Evidence: C:\Nyasha_Planet\wt0c_rh\build\codex\chars_owned\20260914_202233_035_1d18c827
run_entry_turn.ps1	0	15	3	entry turn PASS: 24 checks, 0 failures, two runs agree, body and adapter each called once, aborting program exits 1; evidence C:\Nyasha_Planet\wt0c_rh\stg\l1_baseline\build\entry_turn\20260914_202235_763\evidence.json
run_foreign_alloc.ps1	0	2	7	Evidence: C:\Nyasha_Planet\wt0c_rh\build\codex\foreign_alloc\20260914_202250_577_4a93bf5d
run_graph_abi.ps1	0	101	157	merge selftest: 261 checks, 0 failures', fixtures 152/152, support warnings 1; evidence C:\Nyasha_Planet\wt0c_rh\build\fable\graph_abi\run_20260914_202252_566_3a613ab1
run_l2_message_root.ps1	0	57	0	Evidence: C:\Nyasha_Planet\wt0c_rh\build\codex\l2_message_root\20260914_202434_039_4ae0240f
run_l2trans.ps1	1	0	0	   1_GEN='gen2'; powershell -File tests\l1\run_parser.ps1 (the gen2 step of tests\l1\run_gen.ps1)
run_lmx.ps1	0	36	9	l2 lmx gen2 ok
run_lmx_msg_history_owned.ps1	0	16	15	Evidence: C:\Nyasha_Planet\wt0c_rh\build\codex\msg_history_owned\20260914_202609_060_cdae2241
run_lmx_msg_roots_stale.ps1	0	16	15	Evidence: C:\Nyasha_Planet\wt0c_rh\build\codex\msg_roots_stale\20260914_202625_409_ced8f5e6
run_model_scenario36.ps1	0	27	18	core tests PASS: lmx_model_scenario36_selftest 49/0, lmx_msg_delivery_selftest 27/0, lmx_model_checks_19_29_6_selftest 32/0, lmx_model_liveness_33_selftest 61/0, lmx_model_family_close_32_selftest 24/0, lmx_model_family_release_17_selftest 51/0, lmx_model_ui_lane_3d_selftest 22/0, lmx_model_orphan_m
run_msg_blocks.ps1	0	9	8	Evidence: C:\Nyasha_Planet\wt0c_rh\build\codex\msg_blocks\20260914_202709_863_d21964a1
run_msg_family_handoff.ps1	0	73	45	Evidence: C:\Nyasha_Planet\wt0c_rh\build\codex\msg_family_handoff\20260914_202719_424_32192dac
run_msg_liveness.ps1	0	13	12	Evidence: C:\Nyasha_Planet\wt0c_rh\build\codex\msg_liveness\20260914_202832_723_72cae5fd
run_msg_mail_chain.ps1	0	17	15	Evidence: C:\Nyasha_Planet\wt0c_rh\build\codex\msg_mail_chain\20260914_202846_162_762afc4c
run_msg_path_storage.ps1	1	9	8	argument that is not null or empty, and then try the command again.
run_msg_send_local.ps1	0	78	45	Evidence: C:\Nyasha_Planet\wt0c_rh\build\codex\msg_send_local\20260914_222522_809_c57e2795
run_msg_slots.ps1	0	22	20	Evidence: C:\Nyasha_Planet\wt0c_rh\build\codex\msg_slots\20260914_222641_214_3b25eed6
run_msg_storage.ps1	1	19	18	argument that is not null or empty, and then try the command again.
run_msg_visit.ps1	0	10	9	Evidence: C:\Nyasha_Planet\wt0c_rh\build\codex\msg_visit\20260914_222723_002_766cb6cb
run_owned_ranges.ps1	1	9	8	argument that is not null or empty, and then try the command again.
run_port_array_owned.ps1	0	13	3	lmx_array_owned parity PASS: 929 checks, 0 failures, 30 counted allocations released, reference and generated agree on both runs, selftest redirected onto the unit's names; evidence C:\Nyasha_Planet\wt0c_rh\stg\l1_baseline\build\port_array_owned\20260914_222742_425\evidence.json
run_port_array_ref_owned.ps1	0	13	3	lmx_array_ref_owned parity PASS: 453 checks, 0 failures, 66 counted allocations released, reference and generated agree on both runs, selftest redirected onto the unit's names; evidence C:\Nyasha_Planet\wt0c_rh\stg\l1_baseline\build\port_array_ref_owned\20260914_222756_104\evidence.json
run_port_branch_owned.ps1	0	12	3	lmx_branch_owned parity PASS: 63 checks, 0 failures, reference and generated agree on both runs, selftest redirected onto the unit's names; evidence C:\Nyasha_Planet\wt0c_rh\stg\l1_baseline\build\port_branch_owned\20260914_222809_525\evidence.json
run_port_chars_owned.ps1	0	11	3	lmx_chars_owned parity PASS: 67892 checks, 0 failures, 9 counted allocations released, reference and generated agree on both runs, selftest redirected onto the unit's names; evidence C:\Nyasha_Planet\wt0c_rh\stg\l1_baseline\build\port_chars_owned\20260914_222821_608\evidence.json
run_port_graph_copy_owned.ps1	0	24	3	lmx_graph_copy_owned parity PASS: 78 checks, 0 failures, 75 allocation-failure positions, reference and generated agree on both runs, real symbols from the generated unit; evidence C:\Nyasha_Planet\wt0c_rh\stg\l1_baseline\build\port_graph_copy_owned\20260914_222833_136\evidence.json
run_port_merge_owned.ps1	0	18	3	lmx_merge_owned parity PASS: 261 checks, 0 failures, 43 allocation-failure positions, reference and generated agree on both runs, real symbols from the generated unit; evidence C:\Nyasha_Planet\wt0c_rh\stg\l1_baseline\build\port_merge_owned\20260914_222857_915\evidence.json
run_port_message.ps1	0	64	4	lmx_message parity PASS: executor selftest reports lmx_message_exec ok, reference and generated agree on both runs (wall-clock fields masked, stderr as sorted lines), 100 methods redirected; evidence C:\Nyasha_Planet\wt0c_rh\stg\l1_baseline\build\port_message\20260914_222916_836\evidence.json
run_port_message_graph_copy.ps1	0	16	3	lmx_message_graph_copy parity PASS: 39 checks, 0 failures, reference and generated agree on both runs, real symbol from the generated unit; evidence C:\Nyasha_Planet\wt0c_rh\stg\l1_baseline\build\port_message_graph_copy\20260914_223021_145\evidence.json
run_port_msg_blocks.ps1	1	15	2	parity   : blocks checks=143 failures=0 frees=148 callbacks=2
run_port_msg_history_owned.ps1	0	15	3	lmx_msg_history_owned parity PASS: 65 checks, 0 failures, 18 counted allocations, reference and generated agree on both runs, real symbols from the generated unit; evidence C:\Nyasha_Planet\wt0c_rh\stg\l1_baseline\build\port_msg_history_owned\20260914_223052_806\evidence.json
run_port_msg_liveness.ps1	0	14	3	lmx_msg_liveness parity PASS: 97 checks, 0 failures, reference and generated agree on both runs, real symbols from the generated unit; evidence C:\Nyasha_Planet\wt0c_rh\stg\l1_baseline\build\port_msg_liveness\20260914_223107_961\evidence.json
run_port_msg_mail_chain.ps1	0	13	3	lmx_msg_mail_chain parity PASS: 26 checks, 0 failures, reference and generated agree on both runs, real symbols from the generated unit; evidence C:\Nyasha_Planet\wt0c_rh\stg\l1_baseline\build\port_msg_mail_chain\20260914_223122_171\evidence.json
run_port_msg_path_storage.ps1	1	14	2	the runtime made 3 wrapped allocations before the test, expected 1
run_port_msg_roots_stale.ps1	0	13	3	lmx_msg_roots_stale parity PASS: 27 checks, 0 failures, 8 counted releases, reference and generated agree on both runs, real symbol from the generated unit; evidence C:\Nyasha_Planet\wt0c_rh\stg\l1_baseline\build\port_msg_roots_stale\20260914_223149_962\evidence.json
run_port_msg_slots.ps1	0	13	3	lmx_msg_slots parity PASS: 278 checks, 0 failures, reference and generated agree on both runs; evidence C:\Nyasha_Planet\wt0c_rh\stg\l1_baseline\build\port_msg_slots\20260914_223204_029\evidence.json
run_port_msg_storage.ps1	0	13	3	lmx_msg_storage parity PASS: 77 checks, 0 failures, reference and generated agree on both runs; evidence C:\Nyasha_Planet\wt0c_rh\stg\l1_baseline\build\port_msg_storage\20260914_223217_478\evidence.json
run_port_msg_visit.ps1	0	13	3	lmx_msg_visit parity PASS: 148 checks, 0 failures, 10 counted growths, reference and generated agree on both runs, real symbols from the generated unit; evidence C:\Nyasha_Planet\wt0c_rh\stg\l1_baseline\build\port_msg_visit\20260914_223230_994\evidence.json
run_port_owned_ranges.ps1	0	13	3	lmx_owned_ranges parity PASS: 439 checks, 0 failures, reference and generated agree on both runs; evidence C:\Nyasha_Planet\wt0c_rh\stg\l1_baseline\build\port_owned_ranges\20260914_223244_935\evidence.json
run_port_parser.ps1	0	185	0	run_port_parser ok
run_port_value_owned.ps1	0	15	3	lmx_value_owned parity PASS: 63 checks, 0 failures, reference and generated agree on both runs, selftest redirected onto the unit's names; evidence C:\Nyasha_Planet\wt0c_rh\stg\l1_baseline\build\port_value_owned\20260914_223604_186\evidence.json
run_sched_record.ps1	0	10	2	sched record PASS: 22 checks, 0 failures, two runs agree, unit real symbols, no escape poll; evidence C:\Nyasha_Planet\wt0c_rh\stg\l1_baseline\build\sched_record\20260914_223619_630\evidence.json
run_turn_step_child_copies.ps1	0	1	0	turn_step_child copies: 10; distinct hashes: 1; the hash: 4917C2D453F22AD4
